country_region_code,country_region,sub_region_1,sub_region_2,metro_area,iso_3166_2_code,census_fips_code,date,retail_and_recreation_percent_change_from_baseline,grocery_and_pharmacy_percent_change_from_baseline,parks_percent_change_from_baseline,transit_stations_percent_change_from_baseline,workplaces_percent_change_from_baseline,residential_percent_change_from_baseline
CO,Colombia,Bogota,,,CO-DC,,15/02/2020,9,9,11,3,9,-1
CO,Colombia,Bogota,,,CO-DC,,16/02/2020,3,8,11,2,3,1
CO,Colombia,Bogota,,,CO-DC,,17/02/2020,1,5,3,6,16,-2
CO,Colombia,Bogota,,,CO-DC,,18/02/2020,0,6,5,13,20,-2
CO,Colombia,Bogota,,,CO-DC,,19/02/2020,-5,-2,1,8,13,-2
CO,Colombia,Bogota,,,CO-DC,,20/02/2020,-4,-3,-4,0,8,-1
CO,Colombia,Bogota,,,CO-DC,,21/02/2020,-2,1,3,12,15,-1
CO,Colombia,Bogota,,,CO-DC,,22/02/2020,-1,-1,2,3,7,0
CO,Colombia,Bogota,,,CO-DC,,23/02/2020,-12,-8,-16,-7,-2,3
CO,Colombia,Bogota,,,CO-DC,,24/02/2020,-4,-1,-2,11,16,-1
CO,Colombia,Bogota,,,CO-DC,,25/02/2020,-4,1,-2,15,20,-1
CO,Colombia,Bogota,,,CO-DC,,26/02/2020,-4,0,1,13,13,-2
CO,Colombia,Bogota,,,CO-DC,,27/02/2020,-2,0,-2,6,13,-3
CO,Colombia,Bogota,,,CO-DC,,28/02/2020,7,10,8,14,20,-3
CO,Colombia,Bogota,,,CO-DC,,29/02/2020,12,12,8,8,10,-2
CO,Colombia,Bogota,,,CO-DC,,01/03/2020,11,17,13,6,3,0
CO,Colombia,Bogota,,,CO-DC,,02/03/2020,5,8,3,14,18,-3
CO,Colombia,Bogota,,,CO-DC,,03/03/2020,6,12,4,20,22,-3
CO,Colombia,Bogota,,,CO-DC,,04/03/2020,2,8,7,12,15,-3
CO,Colombia,Bogota,,,CO-DC,,05/03/2020,5,9,9,9,14,-4
CO,Colombia,Bogota,,,CO-DC,,06/03/2020,4,8,10,17,21,-3
CO,Colombia,Bogota,,,CO-DC,,07/03/2020,4,5,6,4,10,0
CO,Colombia,Bogota,,,CO-DC,,08/03/2020,4,4,-2,2,2,2
CO,Colombia,Bogota,,,CO-DC,,09/03/2020,-1,3,-1,10,17,-2
CO,Colombia,Bogota,,,CO-DC,,10/03/2020,-4,1,-4,20,21,-2
CO,Colombia,Bogota,,,CO-DC,,11/03/2020,-5,3,0,13,13,-2
CO,Colombia,Bogota,,,CO-DC,,12/03/2020,-6,5,-1,4,12,-2
CO,Colombia,Bogota,,,CO-DC,,13/03/2020,-6,5,-3,9,16,-1
CO,Colombia,Bogota,,,CO-DC,,14/03/2020,-6,9,-3,-3,9,3
CO,Colombia,Bogota,,,CO-DC,,15/03/2020,-16,9,-14,-12,0,5
CO,Colombia,Bogota,,,CO-DC,,16/03/2020,-15,12,-16,-14,-3,7
CO,Colombia,Bogota,,,CO-DC,,17/03/2020,-19,20,-12,-16,-11,11
CO,Colombia,Bogota,,,CO-DC,,18/03/2020,-24,27,-15,-26,-22,12
CO,Colombia,Bogota,,,CO-DC,,19/03/2020,-22,29,-9,-26,-27,10
CO,Colombia,Bogota,,,CO-DC,,20/03/2020,-90,-76,-83,-81,-80,47
CO,Colombia,Bogota,,,CO-DC,,21/03/2020,-87,-58,-81,-80,-73,36
CO,Colombia,Bogota,,,CO-DC,,22/03/2020,-88,-67,-83,-78,-59,27
CO,Colombia,Bogota,,,CO-DC,,23/03/2020,-89,-68,-81,-86,-87,45
CO,Colombia,Bogota,,,CO-DC,,24/03/2020,-75,-43,-65,-67,-69,36
CO,Colombia,Bogota,,,CO-DC,,25/03/2020,-84,-63,-77,-80,-79,42
CO,Colombia,Bogota,,,CO-DC,,26/03/2020,-83,-59,-75,-81,-80,42
CO,Colombia,Bogota,,,CO-DC,,27/03/2020,-84,-58,-76,-81,-78,46
CO,Colombia,Bogota,,,CO-DC,,28/03/2020,-85,-62,-77,-81,-71,36
CO,Colombia,Bogota,,,CO-DC,,29/03/2020,-87,-69,-82,-82,-61,28
CO,Colombia,Bogota,,,CO-DC,,30/03/2020,-81,-56,-73,-80,-78,41
CO,Colombia,Bogota,,,CO-DC,,31/03/2020,-79,-51,-71,-78,-77,41
CO,Colombia,Bogota,,,CO-DC,,01/04/2020,-79,-51,-72,-79,-78,41
CO,Colombia,Bogota,,,CO-DC,,02/04/2020,-78,-48,-69,-79,-78,40
CO,Colombia,Bogota,,,CO-DC,,03/04/2020,-80,-49,-70,-79,-76,44
CO,Colombia,Bogota,,,CO-DC,,04/04/2020,-83,-55,-73,-79,-69,35
CO,Colombia,Bogota,,,CO-DC,,05/04/2020,-85,-64,-79,-81,-59,27
CO,Colombia,Bogota,,,CO-DC,,06/04/2020,-78,-50,-69,-78,-77,40
CO,Colombia,Bogota,,,CO-DC,,07/04/2020,-77,-44,-66,-76,-76,40
CO,Colombia,Bogota,,,CO-DC,,08/04/2020,-77,-41,-66,-77,-78,39
CO,Colombia,Bogota,,,CO-DC,,09/04/2020,-87,-62,-76,-86,-87,45
CO,Colombia,Bogota,,,CO-DC,,10/04/2020,-92,-78,-84,-90,-89,52
CO,Colombia,Bogota,,,CO-DC,,11/04/2020,-85,-61,-75,-81,-72,36
CO,Colombia,Bogota,,,CO-DC,,12/04/2020,-86,-66,-80,-81,-58,27
CO,Colombia,Bogota,,,CO-DC,,13/04/2020,-78,-55,-69,-79,-75,40
CO,Colombia,Bogota,,,CO-DC,,14/04/2020,-79,-55,-71,-79,-75,41
CO,Colombia,Bogota,,,CO-DC,,15/04/2020,-77,-48,-66,-77,-75,40
CO,Colombia,Bogota,,,CO-DC,,16/04/2020,-79,-55,-70,-80,-76,40
CO,Colombia,Bogota,,,CO-DC,,17/04/2020,-77,-46,-66,-76,-73,43
CO,Colombia,Bogota,,,CO-DC,,18/04/2020,-83,-61,-72,-78,-65,34
CO,Colombia,Bogota,,,CO-DC,,19/04/2020,-83,-63,-76,-78,-54,26
CO,Colombia,Bogota,,,CO-DC,,20/04/2020,-79,-58,-69,-78,-73,39
CO,Colombia,Bogota,,,CO-DC,,21/04/2020,-76,-50,-66,-74,-71,39
CO,Colombia,Bogota,,,CO-DC,,22/04/2020,-79,-58,-70,-77,-74,40
CO,Colombia,Bogota,,,CO-DC,,23/04/2020,-76,-51,-65,-75,-73,38
CO,Colombia,Bogota,,,CO-DC,,24/04/2020,-79,-54,-68,-75,-71,42
CO,Colombia,Bogota,,,CO-DC,,25/04/2020,-78,-53,-67,-73,-60,32
CO,Colombia,Bogota,,,CO-DC,,26/04/2020,-82,-63,-75,-75,-52,25
CO,Colombia,Bogota,,,CO-DC,,27/04/2020,-72,-49,-61,-73,-67,36
CO,Colombia,Bogota,,,CO-DC,,28/04/2020,-74,-50,-63,-72,-67,32
CO,Colombia,Bogota,,,CO-DC,,29/04/2020,-72,-47,-60,-72,-68,36
CO,Colombia,Bogota,,,CO-DC,,30/04/2020,-72,-46,-59,-73,-68,35
CO,Colombia,Bogota,,,CO-DC,,01/05/2020,-80,-51,-67,-78,-80,45
CO,Colombia,Bogota,,,CO-DC,,02/05/2020,-76,-50,-63,-71,-56,31
CO,Colombia,Bogota,,,CO-DC,,03/05/2020,-78,-56,-71,-72,-47,24
CO,Colombia,Bogota,,,CO-DC,,04/05/2020,-70,-46,-58,-71,-64,35
CO,Colombia,Bogota,,,CO-DC,,05/05/2020,-65,-36,-53,-66,-62,35
CO,Colombia,Bogota,,,CO-DC,,06/05/2020,-70,-43,-57,-69,-65,35
CO,Colombia,Bogota,,,CO-DC,,07/05/2020,-66,-37,-52,-67,-64,34
CO,Colombia,Bogota,,,CO-DC,,08/05/2020,-70,-40,-56,-67,-61,37
CO,Colombia,Bogota,,,CO-DC,,09/05/2020,-68,-35,-51,-61,-47,27
CO,Colombia,Bogota,,,CO-DC,,10/05/2020,-72,-47,-61,-62,-38,21
CO,Colombia,Bogota,,,CO-DC,,11/05/2020,-63,-34,-49,-64,-59,32
CO,Colombia,Bogota,,,CO-DC,,12/05/2020,-64,-35,-52,-62,-57,33
CO,Colombia,Bogota,,,CO-DC,,13/05/2020,-64,-34,-50,-64,-59,33
CO,Colombia,Bogota,,,CO-DC,,14/05/2020,-65,-36,-50,-65,-60,30
CO,Colombia,Bogota,,,CO-DC,,15/05/2020,-65,-32,-49,-62,-57,35
CO,Colombia,Bogota,,,CO-DC,,16/05/2020,-65,-32,-48,-58,-42,26
CO,Colombia,Bogota,,,CO-DC,,17/05/2020,-73,-45,-63,-63,-38,22
CO,Colombia,Bogota,,,CO-DC,,18/05/2020,-60,-30,-46,-61,-55,31
CO,Colombia,Bogota,,,CO-DC,,19/05/2020,-63,-34,-52,-61,-55,33
CO,Colombia,Bogota,,,CO-DC,,20/05/2020,-61,-30,-46,-60,-57,31
CO,Colombia,Bogota,,,CO-DC,,21/05/2020,-61,-31,-45,-61,-57,32
CO,Colombia,Bogota,,,CO-DC,,22/05/2020,-63,-30,-46,-59,-52,33
CO,Colombia,Bogota,,,CO-DC,,23/05/2020,-63,-30,-45,-55,-35,24
CO,Colombia,Bogota,,,CO-DC,,24/05/2020,-71,-43,-59,-60,-33,21
CO,Colombia,Bogota,,,CO-DC,,25/05/2020,-73,-44,-55,-73,-78,39
CO,Colombia,Bogota,,,CO-DC,,26/05/2020,-59,-30,-46,-55,-50,29
CO,Colombia,Bogota,,,CO-DC,,27/05/2020,-59,-29,-44,-58,-53,30
CO,Colombia,Bogota,,,CO-DC,,28/05/2020,-60,-31,-46,-59,-54,30
CO,Colombia,Bogota,,,CO-DC,,29/05/2020,-60,-26,-44,-56,-50,32
CO,Colombia,Bogota,,,CO-DC,,30/05/2020,-62,-29,-47,-52,-29,23
CO,Colombia,Bogota,,,CO-DC,,31/05/2020,-65,-32,-54,-54,-22,19
CO,Colombia,Bogota,,,CO-DC,,01/06/2020,-56,-26,-44,-57,-51,29
CO,Colombia,Bogota,,,CO-DC,,02/06/2020,-56,-23,-42,-54,-49,30
CO,Colombia,Bogota,,,CO-DC,,03/06/2020,-59,-29,-46,-57,-52,30
CO,Colombia,Bogota,,,CO-DC,,04/06/2020,-56,-25,-40,-56,-52,29
CO,Colombia,Bogota,,,CO-DC,,05/06/2020,-58,-24,-42,-55,-48,31
CO,Colombia,Bogota,,,CO-DC,,06/06/2020,-59,-26,-43,-50,-28,23
CO,Colombia,Bogota,,,CO-DC,,07/06/2020,-64,-33,-49,-54,-22,19
CO,Colombia,Bogota,,,CO-DC,,08/06/2020,-54,-26,-40,-56,-48,28
CO,Colombia,Bogota,,,CO-DC,,09/06/2020,-54,-24,-39,-53,-46,29
CO,Colombia,Bogota,,,CO-DC,,10/06/2020,-57,-30,-44,-58,-50,29
CO,Colombia,Bogota,,,CO-DC,,11/06/2020,-56,-29,-44,-59,-50,28
CO,Colombia,Bogota,,,CO-DC,,12/06/2020,-58,-27,-45,-55,-46,30
CO,Colombia,Bogota,,,CO-DC,,13/06/2020,-53,-18,-36,-47,-21,21
CO,Colombia,Bogota,,,CO-DC,,14/06/2020,-62,-33,-51,-53,-15,18
CO,Colombia,Bogota,,,CO-DC,,15/06/2020,-63,-31,-43,-69,-72,35
CO,Colombia,Bogota,,,CO-DC,,16/06/2020,-54,-29,-39,-52,-44,27
CO,Colombia,Bogota,,,CO-DC,,17/06/2020,-54,-29,-42,-54,-48,27
CO,Colombia,Bogota,,,CO-DC,,18/06/2020,-53,-29,-42,-56,-49,27
CO,Colombia,Bogota,,,CO-DC,,19/06/2020,-50,-20,-33,-50,-43,26
CO,Colombia,Bogota,,,CO-DC,,20/06/2020,-52,-22,-36,-45,-18,19
CO,Colombia,Bogota,,,CO-DC,,21/06/2020,-56,-28,-38,-45,-3,15
CO,Colombia,Bogota,,,CO-DC,,22/06/2020,-67,-43,-52,-70,-74,35
CO,Colombia,Bogota,,,CO-DC,,23/06/2020,-50,-24,-36,-50,-44,26
CO,Colombia,Bogota,,,CO-DC,,24/06/2020,-51,-25,-35,-52,-46,26
CO,Colombia,Bogota,,,CO-DC,,25/06/2020,-50,-25,-35,-53,-47,26
CO,Colombia,Bogota,,,CO-DC,,26/06/2020,-51,-21,-32,-49,-43,27
CO,Colombia,Bogota,,,CO-DC,,27/06/2020,-49,-19,-29,-42,-18,18
CO,Colombia,Bogota,,,CO-DC,,28/06/2020,-59,-34,-49,-49,-9,17
CO,Colombia,Bogota,,,CO-DC,,29/06/2020,-62,-33,-41,-67,-71,34
CO,Colombia,Bogota,,,CO-DC,,30/06/2020,-45,-17,-31,-48,-41,24
CO,Colombia,Bogota,,,CO-DC,,01/07/2020,-47,-20,-34,-50,-46,24
CO,Colombia,Bogota,,,CO-DC,,02/07/2020,-45,-16,-31,-50,-46,24
CO,Colombia,Bogota,,,CO-DC,,03/07/2020,-47,-17,-29,-47,-42,26
CO,Colombia,Bogota,,,CO-DC,,04/07/2020,-49,-20,-35,-42,-18,18
CO,Colombia,Bogota,,,CO-DC,,05/07/2020,-53,-24,-37,-45,-8,16
CO,Colombia,Bogota,,,CO-DC,,06/07/2020,-48,-26,-38,-52,-46,25
CO,Colombia,Bogota,,,CO-DC,,07/07/2020,-44,-16,-29,-46,-44,25
CO,Colombia,Bogota,,,CO-DC,,08/07/2020,-49,-23,-33,-52,-46,25
CO,Colombia,Bogota,,,CO-DC,,09/07/2020,-48,-23,-34,-53,-47,25
CO,Colombia,Bogota,,,CO-DC,,10/07/2020,-50,-22,-32,-49,-43,27
CO,Colombia,Bogota,,,CO-DC,,11/07/2020,-50,-23,-34,-43,-17,18
CO,Colombia,Bogota,,,CO-DC,,12/07/2020,-54,-28,-40,-44,-4,15
CO,Colombia,Bogota,,,CO-DC,,13/07/2020,-57,-33,-47,-61,-52,29
CO,Colombia,Bogota,,,CO-DC,,14/07/2020,-54,-27,-44,-58,-50,29
CO,Colombia,Bogota,,,CO-DC,,15/07/2020,-57,-30,-48,-61,-52,29
CO,Colombia,Bogota,,,CO-DC,,16/07/2020,-53,-24,-41,-60,-52,28
CO,Colombia,Bogota,,,CO-DC,,17/07/2020,-56,-23,-42,-57,-49,30
CO,Colombia,Bogota,,,CO-DC,,18/07/2020,-55,-24,-40,-53,-25,22
CO,Colombia,Bogota,,,CO-DC,,19/07/2020,-61,-35,-51,-57,-17,19
CO,Colombia,Bogota,,,CO-DC,,20/07/2020,-67,-42,-53,-74,-75,37
CO,Colombia,Bogota,,,CO-DC,,21/07/2020,-56,-30,-48,-58,-49,28
CO,Colombia,Bogota,,,CO-DC,,22/07/2020,-53,-23,-41,-56,-51,27
CO,Colombia,Bogota,,,CO-DC,,23/07/2020,-61,-34,-52,-66,-56,30
CO,Colombia,Bogota,,,CO-DC,,24/07/2020,-62,-32,-50,-62,-52,33
CO,Colombia,Bogota,,,CO-DC,,25/07/2020,-65,-37,-55,-60,-33,25
CO,Colombia,Bogota,,,CO-DC,,26/07/2020,-65,-38,-53,-60,-21,20
CO,Colombia,Bogota,,,CO-DC,,27/07/2020,-53,-29,-42,-59,-51,28
CO,Colombia,Bogota,,,CO-DC,,28/07/2020,-52,-25,-41,-56,-49,29
CO,Colombia,Bogota,,,CO-DC,,29/07/2020,-54,-27,-42,-59,-52,28
CO,Colombia,Bogota,,,CO-DC,,30/07/2020,-50,-21,-39,-57,-52,27
CO,Colombia,Bogota,,,CO-DC,,31/07/2020,-59,-28,-44,-60,-52,32
CO,Colombia,Bogota,,,CO-DC,,01/08/2020,-60,-30,-43,-56,-31,23
CO,Colombia,Bogota,,,CO-DC,,02/08/2020,-62,-33,-49,-57,-22,19
CO,Colombia,Bogota,,,CO-DC,,03/08/2020,-55,-30,-43,-61,-53,29
CO,Colombia,Bogota,,,CO-DC,,04/08/2020,-53,-25,-42,-58,-52,30
CO,Colombia,Bogota,,,CO-DC,,05/08/2020,-56,-29,-44,-61,-54,29
CO,Colombia,Bogota,,,CO-DC,,06/08/2020,-53,-25,-39,-59,-54,27
CO,Colombia,Bogota,,,CO-DC,,07/08/2020,-67,-37,-49,-68,-70,39
CO,Colombia,Bogota,,,CO-DC,,08/08/2020,-55,-28,-39,-53,-30,22
CO,Colombia,Bogota,,,CO-DC,,09/08/2020,-62,-38,-47,-56,-19,18
CO,Colombia,Bogota,,,CO-DC,,10/08/2020,-52,-30,-40,-58,-50,27
CO,Colombia,Bogota,,,CO-DC,,11/08/2020,-50,-24,-38,-55,-49,27
CO,Colombia,Bogota,,,CO-DC,,12/08/2020,-54,-30,-42,-58,-51,27
CO,Colombia,Bogota,,,CO-DC,,13/08/2020,-52,-27,-39,-58,-51,27
CO,Colombia,Bogota,,,CO-DC,,14/08/2020,-54,-25,-39,-54,-47,29
CO,Colombia,Bogota,,,CO-DC,,15/08/2020,-46,-16,-28,-44,-18,17
CO,Colombia,Bogota,,,CO-DC,,16/08/2020,-57,-29,-43,-50,-14,16
CO,Colombia,Bogota,,,CO-DC,,17/08/2020,-68,-42,-57,-73,-75,35
CO,Colombia,Bogota,,,CO-DC,,18/08/2020,-53,-25,-43,-52,-46,26
CO,Colombia,Bogota,,,CO-DC,,19/08/2020,-54,-26,-42,-56,-50,26
CO,Colombia,Bogota,,,CO-DC,,20/08/2020,-53,-25,-40,-57,-50,26
CO,Colombia,Bogota,,,CO-DC,,21/08/2020,-55,-25,-39,-54,-46,28
CO,Colombia,Bogota,,,CO-DC,,22/08/2020,-54,-23,-37,-48,-21,19
CO,Colombia,Bogota,,,CO-DC,,23/08/2020,-62,-36,-50,-54,-15,17
CO,Colombia,Bogota,,,CO-DC,,24/08/2020,-53,-28,-40,-55,-47,26
CO,Colombia,Bogota,,,CO-DC,,25/08/2020,-50,-22,-37,-53,-45,26
CO,Colombia,Bogota,,,CO-DC,,26/08/2020,-53,-25,-39,-56,-47,25
CO,Colombia,Bogota,,,CO-DC,,27/08/2020,-48,-22,-34,-54,-46,24
CO,Colombia,Bogota,,,CO-DC,,28/08/2020,-49,-18,-30,-50,-41,25
CO,Colombia,Bogota,,,CO-DC,,29/08/2020,-47,-17,-28,-43,-15,16
CO,Colombia,Bogota,,,CO-DC,,30/08/2020,-49,-22,-32,-43,-5,13
CO,Colombia,Bogota,,,CO-DC,,31/08/2020,-49,-22,-36,-53,-45,23
CO,Colombia,Bogota,,,CO-DC,,01/09/2020,-48,-16,-32,-47,-44,23
CO,Colombia,Bogota,,,CO-DC,,02/09/2020,-48,-21,-39,-50,-46,23
CO,Colombia,Bogota,,,CO-DC,,03/09/2020,-41,-15,-27,-50,-45,21
CO,Colombia,Bogota,,,CO-DC,,04/09/2020,-44,-15,-27,-43,-41,22
CO,Colombia,Bogota,,,CO-DC,,05/09/2020,-40,-13,-18,-36,-15,12
CO,Colombia,Bogota,,,CO-DC,,06/09/2020,-46,-23,-29,-37,-6,10
CO,Colombia,Bogota,,,CO-DC,,07/09/2020,-48,-22,-35,-50,-46,22
CO,Colombia,Bogota,,,CO-DC,,08/09/2020,-46,-17,-32,-45,-44,22
CO,Colombia,Bogota,,,CO-DC,,09/09/2020,-45,-21,-30,-46,-44,21
CO,Colombia,Bogota,,,CO-DC,,10/09/2020,-44,-21,-28,-48,-45,22
CO,Colombia,Bogota,,,CO-DC,,11/09/2020,-48,-21,-33,-47,-41,24
CO,Colombia,Bogota,,,CO-DC,,12/09/2020,-42,-16,-24,-39,-14,13
CO,Colombia,Bogota,,,CO-DC,,13/09/2020,-46,-24,-27,-37,-5,10
CO,Colombia,Bogota,,,CO-DC,,14/09/2020,-48,-24,-35,-50,-42,22
CO,Colombia,Bogota,,,CO-DC,,15/09/2020,-44,-14,-31,-45,-39,22
CO,Colombia,Bogota,,,CO-DC,,16/09/2020,-45,-22,-35,-45,-42,21
CO,Colombia,Bogota,,,CO-DC,,17/09/2020,-41,-17,-31,-45,-42,20
CO,Colombia,Bogota,,,CO-DC,,18/09/2020,-42,-14,-29,-40,-37,21
CO,Colombia,Bogota,,,CO-DC,,19/09/2020,-40,-16,-29,-31,-14,12
CO,Colombia,Bogota,,,CO-DC,,20/09/2020,-41,-17,-24,-29,-1,7
CO,Colombia,Bogota,,,CO-DC,,21/09/2020,-50,-22,-35,-48,-44,23
CO,Colombia,Bogota,,,CO-DC,,22/09/2020,-43,-10,-32,-39,-38,21
CO,Colombia,Bogota,,,CO-DC,,23/09/2020,-48,-17,-38,-40,-41,21
CO,Colombia,Bogota,,,CO-DC,,24/09/2020,-44,-13,-33,-43,-41,21
CO,Colombia,Bogota,,,CO-DC,,25/09/2020,-44,-9,-30,-35,-36,21
CO,Colombia,Bogota,,,CO-DC,,26/09/2020,-40,-7,-25,-25,-10,11
CO,Colombia,Bogota,,,CO-DC,,27/09/2020,-47,-18,-34,-24,-4,8
CO,Colombia,Bogota,,,CO-DC,,28/09/2020,-45,-12,-35,-40,-38,20
CO,Colombia,Bogota,,,CO-DC,,29/09/2020,-43,-6,-34,-37,-36,20
CO,Colombia,Bogota,,,CO-DC,,30/09/2020,-43,-5,-33,-40,-39,19
CO,Colombia,Bogota,,,CO-DC,,01/10/2020,-39,-1,-28,-40,-38,18
CO,Colombia,Bogota,,,CO-DC,,02/10/2020,-40,-2,-26,-27,-33,19
CO,Colombia,Bogota,,,CO-DC,,03/10/2020,-35,0,-19,-15,-8,8
CO,Colombia,Bogota,,,CO-DC,,04/10/2020,-41,-12,-26,-13,-2,6
CO,Colombia,Bogota,,,CO-DC,,05/10/2020,-40,-9,-32,-32,-37,17
CO,Colombia,Bogota,,,CO-DC,,06/10/2020,-40,-6,-31,-27,-35,18
CO,Colombia,Bogota,,,CO-DC,,07/10/2020,-43,-11,-32,-31,-38,17
CO,Colombia,Bogota,,,CO-DC,,08/10/2020,-41,-9,-32,-32,-39,17
CO,Colombia,Bogota,,,CO-DC,,09/10/2020,-44,-9,-33,-26,-35,17
CO,Colombia,Bogota,,,CO-DC,,10/10/2020,-42,-12,-30,-19,-10,8
CO,Colombia,Bogota,,,CO-DC,,11/10/2020,-47,-25,-30,-17,-3,6
CO,Colombia,Bogota,,,CO-DC,,12/10/2020,-56,-27,-35,-53,-71,21
CO,Colombia,Bogota,,,CO-DC,,13/10/2020,-44,-12,-38,-25,-34,18
CO,Colombia,Bogota,,,CO-DC,,14/10/2020,-45,-13,-35,-29,-37,19
CO,Colombia,Bogota,,,CO-DC,,15/10/2020,-40,-7,-31,-30,-37,19
CO,Colombia,Bogota,,,CO-DC,,16/10/2020,-40,-5,-30,-23,-33,19
CO,Colombia,Bogota,,,CO-DC,,17/10/2020,-35,-2,-23,-10,-6,10
CO,Colombia,Bogota,,,CO-DC,,18/10/2020,-39,-12,-24,-5,1,7
CO,Colombia,Bogota,,,CO-DC,,19/10/2020,-43,-12,-35,-29,-36,19
CO,Colombia,Bogota,,,CO-DC,,20/10/2020,-42,-10,-35,-25,-33,20
CO,Colombia,Bogota,,,CO-DC,,21/10/2020,-45,-12,-32,-34,-38,21
CO,Colombia,Bogota,,,CO-DC,,22/10/2020,-41,-9,-29,-31,-37,19
CO,Colombia,Bogota,,,CO-DC,,23/10/2020,-40,-5,-24,-24,-31,19
CO,Colombia,Bogota,,,CO-DC,,24/10/2020,-35,-3,-20,-11,-5,10
CO,Colombia,Bogota,,,CO-DC,,25/10/2020,-40,-14,-25,-6,1,7
CO,Colombia,Bogota,,,CO-DC,,26/10/2020,-42,-10,-32,-28,-34,18
CO,Colombia,Bogota,,,CO-DC,,27/10/2020,-42,-9,-36,-25,-32,19
CO,Colombia,Bogota,,,CO-DC,,28/10/2020,-43,-10,-36,-28,-35,19
CO,Colombia,Bogota,,,CO-DC,,29/10/2020,-37,-3,-30,-29,-35,17
CO,Colombia,Bogota,,,CO-DC,,30/10/2020,-37,2,-29,-21,-30,17
CO,Colombia,Bogota,,,CO-DC,,31/10/2020,-33,7,-22,-9,-3,7
CO,Colombia,Bogota,,,CO-DC,,01/11/2020,-42,-16,-37,-12,-1,6
CO,Colombia,Bogota,,,CO-DC,,02/11/2020,-46,-12,-26,-47,-69,22
CO,Colombia,Bogota,,,CO-DC,,03/11/2020,-38,-2,-34,-21,-31,17
CO,Colombia,Bogota,,,CO-DC,,04/11/2020,-41,-10,-36,-26,-34,18
CO,Colombia,Bogota,,,CO-DC,,05/11/2020,-37,-7,-33,-27,-35,18
CO,Colombia,Bogota,,,CO-DC,,06/11/2020,-38,-5,-28,-22,-30,18
CO,Colombia,Bogota,,,CO-DC,,07/11/2020,-31,-4,-22,-6,-3,9
CO,Colombia,Bogota,,,CO-DC,,08/11/2020,-37,-15,-31,-6,2,8
CO,Colombia,Bogota,,,CO-DC,,09/11/2020,-39,-11,-36,-25,-33,18
CO,Colombia,Bogota,,,CO-DC,,10/11/2020,-42,-18,-44,-24,-31,19
CO,Colombia,Bogota,,,CO-DC,,11/11/2020,-42,-14,-40,-25,-34,18
CO,Colombia,Bogota,,,CO-DC,,12/11/2020,-39,-11,-37,-28,-35,18
CO,Colombia,Bogota,,,CO-DC,,13/11/2020,-40,-8,-36,-21,-30,18
CO,Colombia,Bogota,,,CO-DC,,14/11/2020,-33,-5,-30,-6,-5,7
CO,Colombia,Bogota,,,CO-DC,,15/11/2020,-41,-23,-43,-8,0,7
CO,Colombia,Bogota,,,CO-DC,,16/11/2020,-47,-20,-44,-49,-69,22
CO,Colombia,Bogota,,,CO-DC,,17/11/2020,-38,-7,-38,-19,-29,17
CO,Colombia,Bogota,,,CO-DC,,18/11/2020,-40,-8,-34,-23,-33,17
CO,Colombia,Bogota,,,CO-DC,,19/11/2020,-38,-9,-35,-26,-34,17
CO,Colombia,Bogota,,,CO-DC,,20/11/2020,-33,1,-25,-16,-27,16
CO,Colombia,Bogota,,,CO-DC,,21/11/2020,-24,4,-17,-1,1,7
CO,Colombia,Bogota,,,CO-DC,,22/11/2020,-30,-8,-22,3,8,6
CO,Colombia,Bogota,,,CO-DC,,23/11/2020,-36,-8,-34,-22,-31,16
CO,Colombia,Bogota,,,CO-DC,,24/11/2020,-37,-8,-35,-17,-28,17
CO,Colombia,Bogota,,,CO-DC,,25/11/2020,-36,-4,-31,-20,-31,17
CO,Colombia,Bogota,,,CO-DC,,26/11/2020,-31,0,-26,-21,-32,15
CO,Colombia,Bogota,,,CO-DC,,27/11/2020,-33,-2,-34,-14,-27,15
CO,Colombia,Bogota,,,CO-DC,,28/11/2020,-26,2,-24,3,0,7
CO,Colombia,Bogota,,,CO-DC,,29/11/2020,-21,6,-14,14,13,4
CO,Colombia,Bogota,,,CO-DC,,30/11/2020,-28,4,-27,-16,-29,14
CO,Colombia,Bogota,,,CO-DC,,01/12/2020,-26,9,-27,-11,-26,15
CO,Colombia,Bogota,,,CO-DC,,02/12/2020,-27,8,-22,-14,-29,14
CO,Colombia,Bogota,,,CO-DC,,03/12/2020,-26,7,-22,-18,-30,13
CO,Colombia,Bogota,,,CO-DC,,04/12/2020,-26,9,-17,-8,-24,13
CO,Colombia,Bogota,,,CO-DC,,05/12/2020,-21,10,-13,7,4,4
CO,Colombia,Bogota,,,CO-DC,,06/12/2020,-23,2,-18,12,17,3
CO,Colombia,Bogota,,,CO-DC,,07/12/2020,-23,13,-9,-10,-28,10
CO,Colombia,Bogota,,,CO-DC,,08/12/2020,-41,-12,-31,-43,-64,22
CO,Colombia,Bogota,,,CO-DC,,09/12/2020,-33,-1,-27,-18,-28,13
CO,Colombia,Bogota,,,CO-DC,,10/12/2020,-29,2,-24,-20,-30,13
CO,Colombia,Bogota,,,CO-DC,,11/12/2020,-31,3,-23,-14,-24,14
CO,Colombia,Bogota,,,CO-DC,,12/12/2020,-24,5,-14,-1,5,5
CO,Colombia,Bogota,,,CO-DC,,13/12/2020,-23,1,-13,12,18,4
CO,Colombia,Bogota,,,CO-DC,,14/12/2020,-29,0,-26,-17,-27,13
CO,Colombia,Bogota,,,CO-DC,,15/12/2020,-25,9,-25,-11,-25,13
CO,Colombia,Bogota,,,CO-DC,,16/12/2020,-27,8,-21,-13,-27,12
CO,Colombia,Bogota,,,CO-DC,,17/12/2020,-22,12,-17,-17,-28,11
CO,Colombia,Bogota,,,CO-DC,,18/12/2020,-24,14,-17,-9,-23,12
CO,Colombia,Bogota,,,CO-DC,,19/12/2020,-20,13,-14,9,7,3
CO,Colombia,Bogota,,,CO-DC,,20/12/2020,-12,18,-6,31,25,1
CO,Colombia,Bogota,,,CO-DC,,21/12/2020,-26,7,-18,-11,-27,11
CO,Colombia,Bogota,,,CO-DC,,22/12/2020,-20,22,-16,-4,-25,11
CO,Colombia,Bogota,,,CO-DC,,23/12/2020,-20,25,-13,-5,-28,8
CO,Colombia,Bogota,,,CO-DC,,24/12/2020,-23,33,-8,-14,-40,9
CO,Colombia,Bogota,,,CO-DC,,25/12/2020,-73,-53,-55,-63,-78,26
CO,Colombia,Bogota,,,CO-DC,,26/12/2020,-44,-16,-33,-27,-19,11
CO,Colombia,Bogota,,,CO-DC,,27/12/2020,-43,-19,-32,-10,11,6
CO,Colombia,Bogota,,,CO-DC,,28/12/2020,-33,-3,-27,-23,-34,14
CO,Colombia,Bogota,,,CO-DC,,29/12/2020,-30,6,-27,-19,-33,13
CO,Colombia,Bogota,,,CO-DC,,30/12/2020,-33,8,-27,-21,-37,11
CO,Colombia,Bogota,,,CO-DC,,31/12/2020,-43,6,-31,-34,-53,12
CO,Colombia,Bogota,,,CO-DC,,01/01/2021,-81,-64,-60,-69,-81,27
CO,Colombia,Bogota,,,CO-DC,,02/01/2021,-62,-38,-55,-49,-43,15
CO,Colombia,Bogota,,,CO-DC,,03/01/2021,-54,-31,-40,-24,-8,5
CO,Colombia,Bogota,,,CO-DC,,04/01/2021,-43,-12,-39,-32,-42,15
CO,Colombia,Bogota,,,CO-DC,,05/01/2021,-51,-19,-46,-36,-43,21
CO,Colombia,Bogota,,,CO-DC,,06/01/2021,-52,-21,-43,-39,-45,20
CO,Colombia,Bogota,,,CO-DC,,07/01/2021,-48,-9,-38,-38,-45,18
CO,Colombia,Bogota,,,CO-DC,,08/01/2021,-78,-47,-69,-60,-60,35
CO,Colombia,Bogota,,,CO-DC,,09/01/2021,-78,-48,-68,-56,-43,27
CO,Colombia,Bogota,,,CO-DC,,10/01/2021,-80,-55,-70,-54,-30,21